{"tissue_hires_scalef": 0.15884362, "tissue_lowres_scalef": 0.047653086, "fiducial_diameter_fullres": 138.09531853477523, "spot_diameter_fullres": 85.48757814057514}