{"tissue_hires_scalef": 0.17479461, "tissue_lowres_scalef": 0.052438386, "fiducial_diameter_fullres": 138.11552565732984, "spot_diameter_fullres": 85.50008731168037}